"region","area_sq_km"
"25_-80",6975.56850242
"25_-81",2616.00957052
"25_-97",195.64316677983
"26_-80",10222.2660595
"26_-81",10093.5843673
"26_-82",630.966337684
"26_-97",6313.93667675
"26_-98",8830.28049573
"26_-99",1482.85337681
"27_-80",7447.94214738
"27_-81",10949.1734476
"27_-82",6338.8347145
"27_-97",7110.35857757
"27_-98",10949.1734476
"27_-99",6815.32742117
"28_-100",4022.41821773
"28_-103",1.47815183613
"28_-80",3436.4726796
"28_-81",10850.1355329
"28_-82",7711.31689916
"28_-95",1797.87424034
"28_-96",5777.91826903
"28_-97",10717.30098989
"28_-98",10845.62665924
"28_-99",10848.3145718
"29_-100",9875.33215621
"29_-101",3366.3375389461
"29_-102",3435.57074004
"29_-103",9307.18851298
"29_-104",3221.62835656
"29_-80",119.357596891
"29_-81",9190.630913804
"29_-82",10387.01894743
"29_-83",3523.8374944736
"29_-84",1208.01602961
"29_-85",1264.67136648
"29_-89",4236.061949726
"29_-90",8467.70019839
"29_-91",4600.23299906
"29_-92",4013.4022470294
"29_-93",2706.097625553
"29_-94",4432.52622432
"29_-95",10402.8217717431
"29_-96",10747.80109896
"29_-97",10746.9581493749
"29_-98",10752.30997266
"29_-99",10747.80109896
"30_-100",10641.3355281115
"30_-101",10636.721486011
"30_-102",10642.196069
"30_-103",10642.196069
"30_-104",9243.60738086
"30_-105",1063.98650251
"30_-81",5963.895553465
"30_-82",10642.19606903
"30_-83",10560.42089605
"30_-84",10362.67178122
"30_-85",9658.37564867954
"30_-86",6245.7433315073
"30_-87",6436.92662756
"30_-88",6354.95953458
"30_-89",8571.171407825
"30_-90",10642.196069023
"30_-91",10636.7776191523
"30_-92",10639.08122983
"30_-93",10640.663206393
"30_-94",10642.196069032
"30_-95",10643.632907758
"30_-96",10642.196069
"30_-97",10638.95043303
"30_-98",10642.196069
"30_-99",10642.196069
"31_-100",10539.256390623
"31_-101",10533.503474736
"31_-102",10533.34735066
"31_-103",10526.9873878418
"31_-104",10533.3473507
"31_-105",9602.64597816
"31_-106",3538.55731875
"31_-107",2568.41617999
"31_-108",6390.1693045236
"31_-109",6909.2366341335
"31_-110",6949.130904162
"31_-111",5516.58601432
"31_-112",2087.74682486
"31_-113",33.7131510239
"31_-80",30.14102429378
"31_-81",8041.36754535
"31_-82",10533.3473507
"31_-83",10533.3473507
"31_-84",10533.3473507
"31_-85",10536.4550154746
"31_-86",10535.850500132
"31_-87",10538.8656527467
"31_-88",10533.40665186
"31_-89",10533.3473507
"31_-90",10533.3473507
"31_-91",10536.549785581
"31_-92",10538.27286483
"31_-93",10538.81343768
"31_-94",10533.1174768691
"31_-95",10534.1257299
"31_-96",10533.3473507
"31_-97",10538.80440038
"31_-98",10533.34735065
"31_-99",10528.21408908
"32_-100",10421.2828415
"32_-101",10421.38831268
"32_-102",10421.2828415
"32_-103",10424.5833949293
"32_-104",10421.282841489
"32_-105",10421.2828415412
"32_-106",10426.6529948336
"32_-107",10416.17798327
"32_-108",10421.28284153
"32_-109",10422.84436665
"32_-110",10421.24479317
"32_-111",10427.1113584281
"32_-112",10421.2828415
"32_-113",9288.54423549
"32_-114",5905.1877402
"32_-115",3646.75582404
"32_-116",4436.30005961
"32_-117",1039.85564115
"32_-79",887.12549755
"32_-80",6480.5580770207
"32_-81",10416.08982276
"32_-82",10421.2828415
"32_-83",10416.56406849
"32_-84",10421.282841536
"32_-85",10417.251470768
"32_-86",10417.36392129
"32_-87",10421.2828415
"32_-88",10421.94166881
"32_-89",10421.2828415
"32_-90",10417.052377109
"32_-91",10417.240072352
"32_-92",10421.282841536
"32_-93",10421.2828415
"32_-94",10420.653397769
"32_-95",10420.2173402
"32_-96",10421.2828415
"32_-97",10421.2828415
"32_-98",10421.2828415
"32_-99",10421.1919276
"33_-100",10306.0314354
"33_-101",10310.70801755
"33_-102",10306.0314354
"33_-103",10308.238836541
"33_-104",10300.089909015
"33_-105",10306.03143536
"33_-106",10300.79792462
"33_-107",10311.13629362
"33_-108",10302.80507124
"33_-109",10306.220611382
"33_-110",10311.05938201
"33_-111",10306.03143535
"33_-112",10304.1702679332
"33_-113",10306.0314354
"33_-114",10306.14982496
"33_-115",10306.0314354
"33_-116",10306.67343888
"33_-117",7289.7731347
"33_-118",1157.67258741
"33_-77",36.4666548066
"33_-78",1700.579552259
"33_-79",9082.78918173
"33_-80",10306.0314354
"33_-81",10306.507883544
"33_-82",10301.0591113303
"33_-83",10310.750208396
"33_-84",10304.1529288036
"33_-85",10306.738825645
"33_-86",10309.9503555991
"33_-87",10301.86592491
"33_-88",10307.29247719
"33_-89",10306.0314354
"33_-90",10308.97507691
"33_-91",10308.4034363634
"33_-92",10306.031435312
"33_-93",10306.031435366
"33_-94",10301.8181168559
"33_-95",10311.21943767
"33_-96",10304.784731293
"33_-97",10305.3205665042
"33_-98",10305.4516743762
"33_-99",10311.25561087
"34_-100",10187.6056948201
"34_-101",10184.73012764
"34_-102",10187.6230272
"34_-103",10187.678911289
"34_-104",10188.798607729
"34_-105",10187.6230272
"34_-106",10192.85653796
"34_-107",10187.62302722
"34_-108",10190.84939134
"34_-109",10187.65637188
"34_-110",10187.62302723
"34_-111",10185.7076461018
"34_-112",10183.990735778
"34_-113",10182.934400945
"34_-114",10188.00469657
"34_-115",10187.6230272
"34_-116",10192.01313844
"34_-117",10187.62302723
"34_-118",10034.09195728
"34_-119",6957.14893548
"34_-120",3299.55549845
"34_-76",1627.47638095
"34_-77",5895.87777863
"34_-78",10191.756139995
"34_-79",10186.1947485571
"34_-80",10185.357859522
"34_-81",10192.3395978409
"34_-82",10187.736696204
"34_-83",10186.876594092
"34_-84",10184.2924170696
"34_-85",10192.527292672
"34_-86",10183.3252374171
"34_-87",10186.076957793
"34_-88",10189.8778063825
"34_-89",10186.7094465509
"34_-90",10185.53905623
"34_-91",10191.3710131807
"34_-92",10187.623027221
"34_-93",10187.6230272
"34_-94",10187.81105739
"34_-95",10187.6230272
"34_-96",10184.37091505
"34_-97",10182.18395168
"34_-98",10188.202788196
"34_-99",10187.62302722
"35_-100",10062.1766926374
"35_-101",10069.517823908
"35_-102",10066.0885188
"35_-103",10066.138656905
"35_-104",10070.854464595
"35_-105",10063.512370816
"35_-106",10066.0885188
"35_-107",10066.0885188
"35_-108",10066.0885188
"35_-109",10066.121376125
"35_-110",10066.0885188
"35_-111",10068.00389985
"35_-112",10067.03104041
"35_-113",10064.898269676
"35_-114",10066.744839295
"35_-115",10064.24484141
"35_-116",10066.0885188
"35_-117",10065.8955123321
"35_-118",10066.89819667
"35_-119",10066.0885188
"35_-120",9095.45744275
"35_-121",1507.047443
"35_-75",782.635868243
"35_-76",7049.34927594
"35_-77",10066.0885188
"35_-78",10063.94033075
"35_-79",10067.51679743
"35_-80",10068.353686451
"35_-81",10062.10648522
"35_-82",10065.493040404
"35_-83",10066.8349518838
"35_-84",10071.2976355061
"35_-85",10061.47162897
"35_-86",10070.3863085651
"35_-87",10071.8000986326
"35_-88",10066.1790997524
"35_-89",10061.4059184278
"35_-90",10065.7089562064
"35_-91",10062.9581781
"35_-92",10066.08851876
"35_-93",10066.08851876
"35_-94",10066.19142227
"35_-95",10061.657020847
"35_-96",10070.2988802851
"35_-97",10068.10124056
"35_-98",10066.0885188
"35_-99",10066.0885188
"36_-100",9940.7493599736
"36_-101",9939.7389212552
"36_-102",9938.8056847099
"36_-103",9942.2058088144
"36_-104",9937.3159939756
"36_-105",9944.0359707438
"36_-106",9941.4598228022
"36_-107",9941.4598227999
"36_-108",9941.4598227978
"36_-109",9941.49243234167
"36_-110",9937.05388353976
"36_-111",9941.4598228
"36_-112",9946.0107599774
"36_-113",9941.83676865416
"36_-114",9941.48935259442
"36_-115",9939.6810422963
"36_-116",9937.5039939731
"36_-117",9936.73332537645
"36_-118",9941.054954902
"36_-119",9937.837781623
"36_-120",9941.4598228
"36_-121",7889.43638656
"36_-122",27.5993125773
"36_-75",397.054244438
"36_-76",8680.41602327846
"36_-77",9936.807165423
"36_-78",9943.6080108
"36_-79",9941.45982279
"36_-80",9940.279784889
"36_-81",9945.441856341
"36_-82",9944.118819567
"36_-83",9941.459822799
"36_-84",9936.7977355071
"36_-85",9946.07671258
"36_-86",9941.4598228
"36_-87",9941.4598228
"36_-88",9938.25139599
"36_-89",9944.42603637402
"36_-90",9942.072263491
"36_-91",9944.728960638
"36_-92",9941.4598228
"36_-93",9941.4598228
"36_-94",9941.6346202657
"36_-95",9941.78284879336
"36_-96",9936.55139736153
"36_-97",9941.2035862312
"36_-98",9941.4598228
"36_-99",9936.82016029705
"37_-100",9813.89113096
"37_-101",9815.4907691749
"37_-102",9815.6644669078
"37_-103",9813.76986763
"37_-104",9816.5658998975
"37_-105",9813.769867627
"37_-106",9813.76986763
"37_-107",9813.76986763
"37_-108",9813.76986763
"37_-109",9813.839601996
"37_-110",9818.1758068822
"37_-111",9813.7698676257
"37_-112",9809.8691476276
"37_-113",9819.27179713841
"37_-114",9816.90168759833
"37_-115",9817.39232548
"37_-116",9817.72569646
"37_-117",9813.7890017
"37_-118",9813.81460245
"37_-119",9813.835469563
"37_-120",9809.966849218
"37_-121",9813.76986763
"37_-122",3891.29887091
"37_-75",1907.23515831
"37_-76",6092.096815179
"37_-77",9813.90306109
"37_-78",9810.850829844
"37_-79",9813.76986763
"37_-80",9814.884060236
"37_-81",9813.76986762722
"37_-82",9812.04136736
"37_-83",9810.332153151
"37_-84",9818.43195492
"37_-85",9813.76986763
"37_-86",9809.15165903
"37_-87",9813.76986763
"37_-88",9817.5884000489
"37_-89",9816.3998350835
"37_-90",9816.06225128422
"37_-91",9813.76986763
"37_-92",9813.76986763
"37_-93",9810.828912009
"37_-94",9814.0883376554
"37_-95",9817.8783395438
"37_-96",9818.9667477688
"37_-97",9816.88179920816
"37_-98",9813.76986762822
"37_-99",9818.40953012849
"38_-100",9685.71826424
"38_-101",9683.052600754
"38_-102",9683.041951661
"38_-103",9683.05260076
"38_-104",9682.612098575
"38_-105",9683.052600761
"38_-106",9683.05260076
"38_-107",9683.05260076
"38_-108",9683.05260076
"38_-109",9682.879561243
"38_-110",9683.05260076
"38_-111",9679.918658324
"38_-112",9683.55989211
"38_-113",9683.05260076
"38_-114",9683.071659457
"38_-115",9683.05260076
"38_-116",9683.05260076
"38_-117",9687.952970491
"38_-118",9687.488313685
"38_-119",9683.6937440834
"38_-120",9686.85561917
"38_-121",9682.52443303359
"38_-122",9227.99232643
"38_-123",2656.425367389
"38_-74",8.03770425606
"38_-75",7730.15437972849
"38_-76",5893.717381686
"38_-77",9567.5835825978
"38_-78",9681.726891463
"38_-79",9683.05260076
"38_-80",9683.11844605607
"38_-81",9680.41333397
"38_-82",9687.15221065
"38_-83",9681.643456726
"38_-84",9678.521675233
"38_-85",9683.05260076
"38_-86",9687.67080936
"38_-87",9678.60158774
"38_-88",9683.51132240429
"38_-89",9683.05260076
"38_-90",9679.834547137
"38_-91",9683.05260076
"38_-92",9679.680216166
"38_-93",9684.01786687
"38_-94",9683.15334604
"38_-95",9683.05260076
"38_-96",9683.05260076
"38_-97",9683.61671913
"38_-98",9683.05260076
"38_-99",9683.05260076
"39_-100",9551.195686706
"39_-101",9543.9479320117
"39_-102",9549.33329665713
"39_-103",9549.34299215
"39_-104",9551.131290901
"39_-105",9545.89398674
"39_-106",9549.34299215
"39_-107",9549.34299215
"39_-108",9549.34299215
"39_-109",9549.405857841
"39_-110",9549.34299215
"39_-111",9548.72050349
"39_-112",9552.736420803
"39_-113",9549.34299215
"39_-114",9549.413716915
"39_-115",9549.34299215
"39_-116",9549.34299215
"39_-117",9549.34299215
"39_-118",9549.34299215
"39_-119",9552.20824126201
"39_-120",9546.87638105709
"39_-121",9546.39341876
"39_-122",9545.94579023
"39_-123",7679.203515647
"39_-124",2.06740998098
"39_-74",5718.57034631
"39_-75",8561.505121832
"39_-76",8319.74007901
"39_-77",9550.86613206843
"39_-78",9553.58773925
"39_-79",9549.34299215
"39_-80",9544.620557532
"39_-81",9551.98225893
"39_-82",9544.85590136577
"39_-83",9554.189850669
"39_-84",9551.283769065
"39_-85",9549.34299215
"39_-86",9549.34299215
"39_-87",9549.1694588878
"39_-88",9549.34299215
"39_-89",9549.34299215
"39_-90",9553.406577865
"39_-91",9545.09615722
"39_-92",9552.71537674
"39_-93",9551.3186816531
"39_-94",9553.53068178
"39_-95",9545.607068
"39_-96",9545.22470904
"39_-97",9550.060401357
"39_-98",9549.34299215
"39_-99",9549.34299215
"40_-100",9412.6770369318
"40_-101",9415.34823749885
"40_-102",9410.585371553
"40_-103",9412.67703693
"40_-104",9410.19307966638
"40_-105",9411.02294542703
"40_-106",9408.29113955495
"40_-107",9407.7941064512
"40_-108",9407.98872078467
"40_-109",9409.6309677093
"40_-110",9408.16146072274
"40_-111",9414.24765448
"40_-112",9412.67703693
"40_-113",9412.67703693
"40_-114",9412.814783173
"40_-115",9412.67703693
"40_-116",9412.67703693
"40_-117",9412.67703693
"40_-118",9412.67703693
"40_-119",9412.7080808598
"40_-120",9415.14364803
"40_-121",9415.210628171
"40_-122",9416.07423885
"40_-123",9412.67703693
"40_-124",2270.78650825
"40_-72",1018.6014239
"40_-73",2875.5795811094
"40_-74",8891.5773932174
"40_-75",9413.5894658826
"40_-76",9412.67703692
"40_-77",9414.927880471
"40_-78",9412.67703693
"40_-79",9412.67703693
"40_-80",9412.856600815
"40_-81",9412.67703693
"40_-82",9413.47143623
"40_-83",9412.67703693
"40_-84",9412.6574569
"40_-85",9409.487395401
"40_-86",9409.32062637
"40_-87",9413.1843591132
"40_-88",9412.67703693
"40_-89",9412.67703693
"40_-90",9412.11991914108
"40_-91",9416.92387187
"40_-92",9412.67703693
"40_-93",9412.67703692
"40_-94",9412.67703692
"40_-95",9414.3306536027
"40_-96",9416.79532004
"40_-97",9411.9148538817
"40_-98",9412.677036926
"40_-99",9412.6770369317
"41_-100",9273.09175745
"41_-101",9275.81561702
"41_-102",9275.9633062274
"41_-103",9270.6510610945
"41_-104",9273.1828111289
"41_-105",9273.6470718672
"41_-106",9277.4776548234
"41_-107",9277.9746879336
"41_-108",9277.78007359431
"41_-109",9276.96659149837
"41_-110",9277.607333653
"41_-111",9270.0372809305
"41_-112",9269.05768817394
"41_-113",9273.091757444
"41_-114",9273.716558665
"41_-115",9273.0917574472
"41_-116",9270.940387452
"41_-117",9271.0562628762
"41_-118",9273.0917574443
"41_-119",9273.1107603205
"41_-120",9273.0917574442
"41_-121",9270.2457718163
"41_-122",9268.6736229186
"41_-123",9269.6508542287
"41_-124",1188.6099398061
"41_-69",3.88032131889
"41_-70",2428.35418608
"41_-71",5247.36385096
"41_-72",6810.40123184763
"41_-73",8636.51652547336
"41_-74",9273.293895747
"41_-75",9273.64575718556
"41_-76",9269.09789460961
"41_-77",9269.19695464188
"41_-78",9271.59894912344
"41_-79",9268.824903524
"41_-80",8885.4648445101
"41_-81",5949.83747204
"41_-82",4150.77044195148
"41_-83",8040.74110593
"41_-84",9273.6519670645
"41_-85",9276.28139897
"41_-86",8491.36727954
"41_-87",7403.249357298
"41_-88",9273.09175745
"41_-89",9273.09175745
"41_-90",9271.29443659
"41_-91",9273.091757451
"41_-92",9273.09175745
"41_-93",9270.43656395
"41_-94",9270.28529567
"41_-95",9275.174064924
"41_-96",9269.2463797719
"41_-97",9273.853940494
"41_-98",9272.6311976069
"41_-99",9273.09175745
"42_-100",9128.7934458146
"42_-101",9125.7553327687
"42_-102",9126.39950068332
"42_-103",9129.36843306841
"42_-104",9132.70485794465
"42_-105",9135.172987264
"42_-106",9127.112220751
"42_-107",9130.62520477
"42_-108",9130.62520476
"42_-109",9130.62520476
"42_-110",9130.62520476
"42_-111",9132.04851164571
"42_-112",9134.65927403272
"42_-113",9130.62520476
"42_-114",9130.62520476
"42_-115",9130.62520477
"42_-116",9132.7765747652
"42_-117",9132.2546045153
"42_-118",9130.62520476
"42_-119",9130.62520476
"42_-120",9130.62520477
"42_-121",9133.6053260713
"42_-122",9135.0433393001
"42_-123",9134.0661079868
"42_-124",3835.20412101
"42_-70",1801.154217207
"42_-71",9131.5201999279
"42_-72",9128.6767772451
"42_-73",9131.482264377
"42_-74",9133.78021745
"42_-75",9130.62520477
"42_-76",9134.61906761312
"42_-77",9134.52000756227
"42_-78",9047.54442262008
"42_-79",5102.7592711945
"42_-80",3399.61747398342
"42_-81",4399.99991174
"42_-82",7265.0812210747
"42_-83",8855.064448
"42_-84",9132.6747238005
"42_-85",9130.62520476
"42_-86",2856.13956751
"42_-87",1846.963069329
"42_-88",9130.6252047705
"42_-89",9130.625204765
"42_-90",9132.979643409
"42_-91",9127.345208188
"42_-92",9130.62520476
"42_-93",9129.80685923
"42_-94",9133.431666545
"42_-95",9130.12726221
"42_-96",9130.146125696
"42_-97",9130.62520475872
"42_-98",9131.085764601
"42_-99",9127.31798098704
"43_-100",8987.14821836975
"43_-101",8990.186331416
"43_-102",8989.5421634969
"43_-103",8989.01392746795
"43_-104",8984.858705586
"43_-105",8985.31645942
"43_-106",8986.304607038
"43_-107",8985.316459419
"43_-108",8985.31645942
"43_-109",8985.31645942
"43_-110",8985.31645942
"43_-111",8987.36922144
"43_-112",8985.31645942
"43_-113",8982.94756165
"43_-114",8985.31645942
"43_-115",8985.31645942
"43_-116",8981.4415656782
"43_-117",8985.722554246
"43_-118",8984.21483091
"43_-119",8985.31645942
"43_-120",8983.1834054
"43_-121",8982.538320202
"43_-122",8985.31645942
"43_-123",8985.31645942
"43_-124",2403.75316392
"43_-64",390.248794866
"43_-65",3296.10058526
"43_-66",358.449720503
"43_-69",758.8251661
"43_-70",5864.453460464
"43_-71",8988.99774778
"43_-72",8987.75418769
"43_-73",8984.58765608
"43_-74",8985.31645942
"43_-75",8981.81515331
"43_-76",4789.3397876495
"43_-77",3143.739293058
"43_-78",4052.315467703
"43_-79",6326.6235369161
"43_-80",8985.31645942
"43_-81",7015.81421047
"43_-82",4109.693729185
"43_-83",7453.7535325
"43_-84",8985.31645943
"43_-85",8983.6418983953
"43_-86",3570.4116772
"43_-87",1805.14048583
"43_-88",8985.31645942
"43_-89",8985.31645942
"43_-90",8985.31645942
"43_-91",8984.848881545
"43_-92",8982.1457532155
"43_-93",8986.484338672
"43_-94",8985.31645942811
"43_-95",8985.814401982
"43_-96",8985.311833552
"43_-97",8985.31645942
"43_-98",8985.31645942
"43_-99",8987.6174529273
"44_-100",8834.27076827
"44_-101",8837.20563153
"44_-102",8837.20563153
"44_-103",8837.20563153
"44_-104",8837.2333036261
"44_-105",8835.56541809368
"44_-106",8839.7304679173
"44_-107",8833.19176746705
"44_-108",8837.20563153
"44_-109",8837.20563153
"44_-110",8834.7304042936
"44_-111",8838.969852675
"44_-112",8837.20563153
"44_-113",8835.488619899
"44_-114",8837.20563153
"44_-115",8837.20563153
"44_-116",8839.1507129669
"44_-117",8837.2056315217
"44_-118",8838.30726003526
"44_-119",8837.20563153
"44_-120",8835.77169205
"44_-121",8837.37714813
"44_-122",8837.20563153
"44_-123",8837.20563153
"44_-124",598.132049837
"44_-62",1280.53562012
"44_-63",3614.16513807
"44_-64",6876.40946473
"44_-65",7079.94398244
"44_-66",652.32308068139
"44_-67",3434.76090337
"44_-68",5800.5695086
"44_-69",8646.49268303
"44_-70",8837.25638067785
"44_-71",8833.386015418
"44_-72",8837.8512620576
"44_-73",8836.768226086
"44_-74",8833.2211268688
"44_-75",8840.706937628
"44_-76",7888.824630804
"44_-77",8823.54675813
"44_-78",8837.20563152
"44_-79",8537.46976722
"44_-80",5351.28840351
"44_-81",3812.35968663
"44_-82",42.621607801
"44_-83",5256.03799596
"44_-84",8837.20563153
"44_-85",8533.806871255
"44_-86",2082.584654744
"44_-87",3874.177270426
"44_-88",8835.42638254
"44_-89",8837.20563153
"44_-90",8835.3684250506
"44_-91",8839.4055207974
"44_-92",8837.91506553
"44_-93",8839.51129131
"44_-94",8833.583829404
"44_-95",8837.20563153
"44_-96",8837.94176807727
"44_-97",8837.20563153
"44_-98",8837.20563153
"44_-99",8838.2118618
"45_-100",8685.370723375
"45_-101",8686.333860106
"45_-102",8686.33386011
"45_-103",8686.333860103
"45_-104",8686.48975644002
"45_-105",8687.97407353364
"45_-106",8686.33386011
"45_-107",8690.3477241687
"45_-108",8686.33386011018
"45_-109",8686.3338601046
"45_-110",8688.29974698155
"45_-111",8686.33386011
"45_-112",8686.33386011
"45_-113",8690.419769504
"45_-114",8682.85157957
"45_-115",8686.00055880242
"45_-116",8687.1532510568
"45_-117",8682.10289376126
"45_-118",8684.1559619714
"45_-119",8686.333860098
"45_-120",8689.90085361
"45_-121",8686.613049174
"45_-122",8684.61700632
"45_-123",8294.27949828
"45_-124",4.37922757038
"45_-59",89.5160963123
"45_-60",2196.31804424
"45_-61",4956.96745883
"45_-62",6427.6937127196
"45_-63",7406.35358048
"45_-64",6208.24685511
"45_-65",5549.8639713513
"45_-66",7671.49318041
"45_-67",8597.21879531
"45_-68",8686.33386011
"45_-69",8686.33386011
"45_-70",8683.5334234
"45_-71",8688.9384213649
"45_-72",8687.116678197
"45_-73",8686.72924965328
"45_-74",8647.531639259
"45_-75",8686.33386011
"45_-76",8689.55837375
"45_-77",8683.387790057
"45_-78",8686.33386011
"45_-79",8675.44219567
"45_-80",3284.45930373
"45_-81",1369.283848264
"45_-82",1572.40535609
"45_-83",2435.1860202624
"45_-84",6336.04308287
"45_-85",1535.58216251
"45_-86",1450.60605918
"45_-87",6437.951857781
"45_-88",8682.330983146
"45_-89",8686.33386011
"45_-90",8688.17106658
"45_-91",8687.88154529
"45_-92",8685.056453784
"45_-93",8682.2726839691
"45_-94",8689.955662236
"45_-95",8683.54785325
"45_-96",8686.488294393
"45_-97",8686.333860102
"45_-98",8686.333860105
"45_-99",8686.333860107
"46_-100",8534.3936720428
"46_-101",8532.74331167
"46_-102",8532.74331167
"46_-103",8532.74331167
"46_-104",8532.75099239
"46_-105",8532.74331167
"46_-106",8532.74331167
"46_-107",8532.74331167
"46_-108",8532.74331167
"46_-109",8532.7433116774
"46_-110",8530.94973349
"46_-111",8532.74331167
"46_-112",8532.74331167
"46_-113",8532.74331167
"46_-114",8536.22559222
"46_-115",8532.4533273298
"46_-116",8532.558710678
"46_-117",8536.97427800742
"46_-118",8534.9212098081
"46_-119",8532.74331167
"46_-120",8532.74331167
"46_-121",8533.22063626
"46_-122",8534.4601654568
"46_-123",8234.9207193
"46_-124",149.65191746
"46_-52",103.155205044
"46_-53",1583.10887087
"46_-54",180.714431025
"46_-55",540.697342224
"46_-59",209.750398076
"46_-60",5571.35928628
"46_-61",1543.45960523
"46_-62",2095.765666
"46_-63",2141.7817226574
"46_-64",4637.6809025077
"46_-65",8532.74331167
"46_-66",8532.74331167
"46_-67",8533.15109207
"46_-68",8532.74331167
"46_-69",8529.854160605
"46_-70",8331.1695389652
"46_-71",8533.95836654
"46_-72",8171.09225674
"46_-73",8434.67044014
"46_-74",8532.74331167
"46_-75",8532.74331167
"46_-76",8532.74331167
"46_-77",8535.689381721
"46_-78",8532.74331168
"46_-79",8529.658143822
"46_-80",8532.74331167
"46_-81",8404.96956654694
"46_-82",7216.80413729
"46_-83",6873.595457397
"46_-84",5985.56227302
"46_-85",5727.25932831
"46_-86",4684.5432153
"46_-87",5840.68617772
"46_-88",8116.132173016
"46_-89",7312.42580509
"46_-90",5825.613276966
"46_-91",6859.25350203
"46_-92",8462.7051118514
"46_-93",8536.804487808
"46_-94",8532.74331167
"46_-95",8532.666457661
"46_-96",8532.51512143
"46_-97",8532.74331167
"46_-98",8532.74331167
"46_-99",8532.74331167
"47_-100",8378.724817618
"47_-101",8376.47717799
"47_-102",8373.219407831
"47_-103",8376.477178
"47_-104",8375.384807497
"47_-105",8376.477178
"47_-106",8372.8373535006
"47_-107",8373.37077957
"47_-108",8373.27963954
"47_-109",8373.787030025
"47_-110",8378.78009653
"47_-111",8376.477177999
"47_-112",8375.464814238
"47_-113",8376.477178
"47_-114",8376.477178
"47_-115",8377.10046365
"47_-116",8377.3838331358
"47_-117",8375.9573512871
"47_-118",8375.011877728
"47_-119",8376.477178
"47_-120",8376.477178
"47_-121",8377.38665574
"47_-122",7050.47082881
"47_-123",8376.477178
"47_-124",3027.92264109
"47_-52",1086.09177065
"47_-53",6315.70532995
"47_-54",3974.45007175
"47_-55",5023.85597063
"47_-56",3073.44726048
"47_-57",3027.45367071
"47_-58",2913.139262
"47_-59",1127.30691457
"47_-60",21.0606165034
"47_-64",762.774699719
"47_-65",6393.16575163
"47_-66",8302.6801641364
"47_-67",8375.829193612
"47_-68",8376.47717801
"47_-69",7179.97393655164
"47_-70",6690.765107762
"47_-71",8376.477178
"47_-72",8376.477178
"47_-73",8376.477178
"47_-74",8376.477178
"47_-75",8376.477178
"47_-76",8375.86713433632
"47_-77",8376.477178
"47_-78",8376.477178
"47_-79",8375.966975045
"47_-80",8376.477178
"47_-81",8376.477178
"47_-82",8376.477178
"47_-83",8373.643922989
"47_-84",7088.318633028
"47_-85",378.872110052
"47_-87",170.088412336
"47_-88",1716.9282551641
"47_-89",433.57371927375
"47_-90",2628.49399088
"47_-91",7052.60961895
"47_-92",8376.477178
"47_-93",8376.477178
"47_-94",8376.477178
"47_-95",8376.11891562
"47_-96",8380.143880044
"47_-97",8375.702831036
"47_-98",8376.477178
"47_-99",8376.477178
"48_-100",8217.57967305
"48_-101",8217.57967305
"48_-102",8220.837443221
"48_-103",8215.5647803335
"48_-104",8216.9494742008
"48_-105",8217.57967305
"48_-106",8221.21949754
"48_-107",8220.686071476
"48_-108",8220.777211508
"48_-109",8220.26982102
"48_-110",8217.57967305
"48_-111",8217.57967305
"48_-112",8214.98013697363
"48_-113",8217.57967305
"48_-114",8217.57967305
"48_-115",8215.5458661408
"48_-116",8214.5895650684
"48_-117",8215.8138118734
"48_-118",8219.044973317
"48_-119",8214.169769057
"48_-120",8217.57967305
"48_-121",8219.3303184546
"48_-122",4754.8756556711
"48_-123",4116.03173273
"48_-124",5140.85801964
"48_-125",291.57534498
"48_-52",15.8359289519
"48_-53",3262.08029571
"48_-54",8217.57967305
"48_-55",8217.57967305
"48_-56",8217.57967305
"48_-57",8217.57967305
"48_-58",6047.93542038
"48_-59",236.069056414
"48_-64",4168.70001735
"48_-65",7621.40016948
"48_-66",8014.314286803
"48_-67",7013.3634453283
"48_-68",4484.850964561
"48_-69",6174.750099765
"48_-70",8217.57967305
"48_-71",8217.57967304
"48_-72",8217.57967305
"48_-73",8216.0493977727
"48_-74",8217.57967305
"48_-75",8215.21230557
"48_-76",8218.18971672
"48_-77",8217.57967305
"48_-78",8217.57967305
"48_-79",8218.0247489996
"48_-80",8217.57967305
"48_-81",8217.57967305
"48_-82",8217.57967305
"48_-83",8220.41292805
"48_-84",8217.57967305
"48_-85",8178.83786542
"48_-86",3173.42837262
"48_-87",1629.48843304
"48_-88",2850.84725080489
"48_-89",7076.5626614563
"48_-90",8215.77633794
"48_-91",8217.57967305
"48_-92",8217.57967305
"48_-93",8217.57967305
"48_-94",8215.04225002
"48_-95",8220.8007963
"48_-96",8214.495471271
"48_-97",8215.62598186229
"48_-98",8217.57967305
"48_-99",8217.57967305
"49_-100",8056.09602906315
"49_-101",8053.095855004
"49_-102",8056.09602906195
"49_-103",8058.11092179407
"49_-104",8058.39835349254
"49_-105",8056.09602906637
"49_-106",8056.09602906769
"49_-107",8056.09602907144
"49_-108",8056.09602906756
"49_-109",8056.0960290658
"49_-110",8056.0471760472
"49_-111",8056.09602906857
"49_-112",8059.7079289077
"49_-113",8053.58361848121
"49_-114",8053.3805312996
"49_-115",8058.12983598517
"49_-116",8059.47450423144
"49_-117",8058.38171695531
"49_-118",8053.0739828366
"49_-119",8059.50593306453
"49_-120",8056.09602906292
"49_-121",8054.2676555122
"49_-122",7952.81673507955
"49_-123",4854.04321184
"49_-124",4747.16058258
"49_-125",7349.56602565
"49_-126",3424.37152573
"49_-127",141.049351377
"49_-53",1250.50612972
"49_-54",3441.39649618
"49_-55",4150.08150928
"49_-56",7340.46881846
"49_-57",7618.89570593
"49_-58",826.754215325
"49_-61",463.252694449
"49_-62",3465.82605309
"49_-63",3223.07846599
"49_-64",1168.941121428
"49_-65",1939.59155292
"49_-66",1135.8564021529
"49_-67",4664.54991263771
"49_-68",7438.06986806
"49_-69",8056.09602907
"49_-70",8056.09602907
"49_-71",8056.09602907
"49_-72",8056.09602907
"49_-73",8057.62630435
"49_-74",8056.09602907
"49_-75",8058.463396546
"49_-76",8056.09602907
"49_-77",8056.09602907
"49_-78",8056.09602907
"49_-79",8056.20791302
"49_-80",8056.09602907
"49_-81",8056.09602907
"49_-82",8056.09602907
"49_-83",8056.09602907
"49_-84",8056.09602907
"49_-85",8056.09602907
"49_-86",8056.09602907
"49_-87",8056.09602907
"49_-88",8056.09602907
"49_-89",8056.09602907
"49_-90",8057.8993641687
"49_-91",8053.84622953
"49_-92",8053.186091353
"49_-93",8053.133341331
"49_-94",8058.633452088
"49_-95",8054.516014875
"49_-96",8055.69320317974
"49_-97",8058.82406722156
"49_-98",8056.09602906379
"49_-99",8056.09602906652
"50_-100",7892.07249176
"50_-101",7891.784220737
"50_-102",7892.07249176
"50_-103",7892.07249176
"50_-104",7892.07249176
"50_-105",7892.07249176
"50_-106",7892.07249176
"50_-107",7892.07249176
"50_-108",7892.07249176
"50_-109",7892.07249176
"50_-110",7892.0655629653
"50_-111",7892.07249176
"50_-112",7892.07249176
"50_-113",7894.584902346
"50_-114",7891.50111515
"50_-115",7889.5150764
"50_-116",7892.07249176
"50_-117",7892.07249176
"50_-118",7895.09453798
"50_-119",7889.998355934
"50_-120",7892.07249176
"50_-121",7891.23134115487
"50_-122",7892.07249176
"50_-123",7889.675609934
"50_-124",6952.42830477021
"50_-125",6190.58509527
"50_-126",6439.58224657
"50_-127",5081.54495319
"50_-128",857.20698915
"50_-55",144.384492906
"50_-56",5515.74443411
"50_-57",3112.60447455
"50_-58",74.6903636955
"50_-59",3633.59977731
"50_-60",6143.85177562
"50_-61",6523.70510196
"50_-62",5837.05422617
"50_-63",5852.28255521
"50_-64",5698.70370364
"50_-65",5736.91756522
"50_-66",6850.51937077
"50_-67",7892.07249176
"50_-68",7892.07249176
"50_-69",7892.07249176
"50_-70",7892.07249176
"50_-71",7892.07249176
"50_-72",7892.07249176
"50_-73",7892.07249176
"50_-74",7892.07249176
"50_-75",7892.07249176
"50_-76",7892.07249176
"50_-77",7890.393778789
"50_-78",7892.07249176
"50_-79",7892.182081737
"50_-80",7892.07249176
"50_-81",7892.07249176
"50_-82",7892.072491755
"50_-83",7892.072491753
"50_-84",7892.07249175
"50_-85",7892.07249176
"50_-86",7891.97712425414
"50_-87",7892.07249176
"50_-88",7892.07249176
"50_-89",7892.07249176
"50_-90",7892.07249176
"50_-91",7894.322291297
"50_-92",7894.982429473
"50_-93",7895.035179486
"50_-94",7892.07249176
"50_-95",7892.131329478
"50_-96",7892.980293544
"50_-97",7892.07249176
"50_-98",7890.91562016
"50_-99",7890.94934069
"51_-100",7725.55631455
"51_-101",7726.115204935
"51_-102",7725.55631456
"51_-103",7722.731182977
"51_-104",7725.55631456
"51_-105",7725.55631456
"51_-106",7725.55631456
"51_-107",7725.55631456
"51_-108",7725.55631456
"51_-109",7725.55631456
"51_-110",7725.5620249534
"51_-111",7725.55631456
"51_-112",7725.55631456
"51_-113",7725.55631456
"51_-114",7726.7302825908
"51_-115",7726.29372688
"51_-116",7725.55631455
"51_-117",7723.744620085
"51_-118",7725.55631456
"51_-119",7727.630450378
"51_-120",7725.55631456
"51_-121",7728.2258387
"51_-122",7725.55631456
"51_-123",7727.9531963706
"51_-124",7725.59570331
"51_-125",7724.13509901
"51_-126",7723.56164076
"51_-127",5887.9854639
"51_-128",309.305314998
"51_-176",523.269381201
"51_-177",310.777110891
"51_-178",113.634670932
"51_-55",1360.53220166
"51_-56",5331.26803661
"51_-57",4451.172674288
"51_-58",6393.545272954
"51_-59",7723.353592664
"51_-60",7722.674685663
"51_-61",7725.55631456
"51_-62",7722.0962575274
"51_-63",7722.2849242
"51_-64",7723.1694730738
"51_-65",7722.733226419
"51_-66",7722.871290301
"51_-67",7725.55631456
"51_-68",7725.55631456
"51_-69",7725.55631456
"51_-70",7725.55631456
"51_-71",7725.55631456
"51_-72",7722.3228045534
"51_-73",7725.55631456
"51_-74",7725.55631456
"51_-75",7725.55631456
"51_-76",7724.57500654
"51_-77",7727.23502752
"51_-78",7047.97660703
"51_-79",3332.5657720046
"51_-80",4449.05431091
"51_-81",7725.55631456
"51_-82",7725.55631456
"51_-83",7725.55631456
"51_-84",7725.55631456
"51_-85",7725.55631456
"51_-86",7723.00138221
"51_-87",7725.55631456
"51_-88",7725.55631456
"51_-89",7725.55631456
"51_-90",7725.55631456
"51_-91",7725.55631456
"51_-92",7725.55631456
"51_-93",7725.55631456
"51_-94",7725.55631456
"51_-95",7725.61057355
"51_-96",7726.34110273
"51_-97",7725.55631456
"51_-98",7726.7131861589
"51_-99",7726.67946562
"52_-100",7556.59575198
"52_-101",7556.96655356
"52_-102",7556.59575198
"52_-103",7559.42088355
"52_-104",7556.59575197
"52_-105",7556.59575198
"52_-106",7554.08992013
"52_-107",7554.288591579
"52_-108",7553.87886162649
"52_-109",7556.59575198
"52_-110",7556.5856631657
"52_-111",7556.59575198
"52_-112",7556.59575198
"52_-113",7555.305616481
"52_-114",7558.708658317
"52_-115",7558.415755008
"52_-116",7555.12626868
"52_-117",7558.40744645
"52_-118",7554.15801129
"52_-119",7556.59575198
"52_-120",7556.59575198
"52_-121",7556.59575198
"52_-122",7556.59575198
"52_-123",7556.59575198
"52_-124",7556.59575198
"52_-125",7558.016967519
"52_-126",7553.90819382
"52_-127",7003.32244247
"52_-128",2349.65658184
"52_-129",526.139563979
"52_-131",1544.80721805
"52_-132",589.290438539
"52_-168",59.4000571201
"52_-174",261.074483058
"52_-55",1653.53679834
"52_-56",7548.3068929591
"52_-57",7558.315353018
"52_-58",7558.2042629949
"52_-59",7558.7984738705
"52_-60",7559.47738086663
"52_-61",7555.550355181
"52_-62",7557.7119984594
"52_-63",7559.867142341
"52_-64",7558.98259345
"52_-65",7559.418840117
"52_-66",7556.107837619
"52_-67",7553.387121303
"52_-68",7556.59575198
"52_-69",7556.59575197
"52_-70",7556.59575198
"52_-71",7556.59575198
"52_-72",7559.82926198
"52_-73",7556.59575198
"52_-74",7556.595751983
"52_-75",7556.59575198
"52_-76",7557.57705998
"52_-77",7556.59575198
"52_-78",4916.9471956
"52_-79",75.9724416429
"52_-80",526.06753622605
"52_-81",3419.844482492
"52_-82",7286.59192259
"52_-83",7556.59575198
"52_-84",7556.59575198
"52_-85",7556.59575198
"52_-86",7557.17063674
"52_-87",7556.59575198
"52_-88",7556.59575198
"52_-89",7556.59575198
"52_-90",7556.59575198
"52_-91",7556.59575198
"52_-92",7556.59575198
"52_-93",7556.59575198
"52_-94",7555.5679682831
"52_-95",7558.06266946
"52_-96",7558.390189667
"52_-97",7553.957445008
"52_-98",7556.59575198
"52_-99",7556.59575198
"53_-100",7385.24005199
"53_-101",7385.77868403
"53_-102",7385.24005199
"53_-103",7385.24005199
"53_-104",7385.24005199
"53_-105",7385.24005199
"53_-106",7387.7458838367
"53_-107",7387.547212389
"53_-108",7387.95694234
"53_-109",7385.24005198453
"53_-110",7385.2407616296
"53_-111",7385.24005199
"53_-112",7383.011294879
"53_-113",7384.255165347
"53_-114",7385.24005199
"53_-115",7385.24005199
"53_-116",7386.7095352875
"53_-117",7385.24005199
"53_-118",7385.091015098
"53_-119",7385.24005199
"53_-120",7385.24004580385
"53_-121",7385.24005199
"53_-122",7385.24005199
"53_-123",7385.24005199
"53_-124",7385.24005199
"53_-125",7385.24005199
"53_-126",7387.927610141
"53_-127",7383.04924734
"53_-128",6708.29230027
"53_-129",4389.53232133
"53_-130",1647.32103311
"53_-131",917.719261766
"53_-132",5336.00423561
"53_-133",273.048016279
"53_-166",1736.59873444
"53_-167",652.900461132
"53_-168",1191.1754004
"53_-55",574.264636539
"53_-56",4860.33294405
"53_-57",6858.277264084
"53_-58",7148.339697477
"53_-59",5223.74313568
"53_-60",7074.67138649
"53_-61",7384.44505496
"53_-62",7387.583862539
"53_-63",7385.240051984
"53_-64",7385.24005199
"53_-65",7385.24005199
"53_-66",7388.41299059924
"53_-67",7386.2609667752
"53_-68",7385.24005199
"53_-69",7385.24005199
"53_-70",7385.24005199
"53_-71",7385.24005199
"53_-72",7385.24005199
"53_-73",7385.24005199
"53_-74",7385.24005199
"53_-75",7385.24005199
"53_-76",7385.24005199
"53_-77",7385.24005199
"53_-78",7055.55465212
"53_-79",50.4374503428
"53_-80",72.6200502689
"53_-81",1180.4517899
"53_-82",6014.04639232
"53_-83",7385.24005199
"53_-84",7385.24005199
"53_-85",7385.24005199
"53_-86",7387.315467077
"53_-87",7385.24005198
"53_-88",7383.5661686258
"53_-89",7385.24005199
"53_-90",7385.24005199
"53_-91",7385.24005199
"53_-92",7385.24005199
"53_-93",7383.08727382
"53_-94",7386.26783568
"53_-95",7385.24005199
"53_-96",7385.24005199
"53_-97",7386.60220549
"53_-98",7383.6238583867
"53_-99",7385.24005199
"54_-100",7211.5394474
"54_-101",7212.333609878
"54_-102",7211.5394474
"54_-103",7211.5394474
"54_-104",7211.539447404
"54_-105",7210.0716322429
"54_-106",7211.5394474
"54_-107",7211.5394474
"54_-108",7211.5394474
"54_-109",7211.5394474
"54_-110",7211.5659638332
"54_-111",7211.5394474
"54_-112",7213.7682045072
"54_-113",7213.814469549
"54_-114",7211.5394474
"54_-115",7211.5394474
"54_-116",7211.5394474
"54_-117",7211.5394474
"54_-118",7214.126224989
"54_-119",7211.53929516766
"54_-120",7210.0299609668
"54_-121",7211.5394474
"54_-122",7211.5394474
"54_-123",7211.5394474
"54_-124",7211.5394474
"54_-125",7211.5394474
"54_-126",7211.5394474
"54_-127",7211.38951064
"54_-128",7211.5394474
"54_-129",7211.5394474
"54_-130",2985.416087816
"54_-131",140.127926965
"54_-132",948.153911472
"54_-133",85.0894202655
"54_-162",51.3666238083
"54_-163",1297.62918824
"54_-164",2174.26738512
"54_-165",124.166520892
"54_-166",7.5925832436
"54_-57",1888.264650165
"54_-58",4985.51611773
"54_-59",7138.54612705
"54_-60",7213.6201893076
"54_-61",7213.379841228
"54_-62",7211.5394474
"54_-63",7209.234693514
"54_-64",7211.53944741
"54_-65",7211.5394474
"54_-66",7208.753687575
"54_-67",7211.12241039
"54_-68",7211.5394474
"54_-69",7211.5394474
"54_-70",7211.5394474
"54_-71",7211.5394474
"54_-72",7211.5394474
"54_-73",7211.5394474
"54_-74",7211.5394474
"54_-75",7211.5394474
"54_-76",7211.5394474
"54_-77",7211.5394474
"54_-78",6906.46794843
"54_-79",2236.5126369
"54_-82",5005.64660449
"54_-83",7211.5394474
"54_-84",7211.5394474
"54_-85",7211.5394474
"54_-86",7211.5394474
"54_-87",7211.5394474
"54_-88",7213.213330755
"54_-89",7211.5394474
"54_-90",7211.5394474
"54_-91",7210.03697425116
"54_-92",7209.8165588779
"54_-93",7213.692225568
"54_-94",7211.5394474
"54_-95",7211.5394474
"54_-96",7211.5394474
"54_-97",7212.8156008581
"54_-98",7213.155641
"54_-99",7211.5394474
"55_-100",7035.5451463
"55_-101",7036.569123613
"55_-102",7035.5451463
"55_-103",7035.5451463
"55_-104",7035.5451463
"55_-105",7037.01296146
"55_-106",7035.5451463
"55_-107",7033.518762246
"55_-108",7035.5451463
"55_-109",7035.5450744731
"55_-110",7035.5780804562
"55_-111",7035.5451463
"55_-112",7035.5451463
"55_-113",7035.5451463
"55_-114",7035.5451463
"55_-115",7035.5451463
"55_-116",7035.5451463
"55_-117",7035.5451463
"55_-118",7035.5451463
"55_-119",7035.54511004169
"55_-120",7037.054638925
"55_-121",7035.5451463
"55_-122",7034.5596770894
"55_-123",7035.5451463
"55_-124",7035.5451463
"55_-125",7035.5451463
"55_-126",7035.5451463
"55_-127",7037.88588771
"55_-128",7033.37445073
"55_-129",6721.07487518
"55_-130",6327.808327724
"55_-131",2918.59018829
"55_-132",3493.88283248
"55_-133",1431.15916557
"55_-158",60.2555685564
"55_-159",1018.23059856
"55_-160",2346.9158839
"55_-161",3630.39367086
"55_-162",2362.11051638
"55_-163",94.8655794767
"55_-58",9.5940361304
"55_-59",1157.71554939
"55_-60",4369.26864958
"55_-61",6962.49599348
"55_-62",7035.5451463
"55_-63",7035.71914663
"55_-64",7035.5451463
"55_-65",7035.5451463
"55_-66",7038.330906119
"55_-67",7038.149899189
"55_-68",7035.5451463
"55_-69",7035.5451463
"55_-70",7035.5451463
"55_-71",7035.5451463
"55_-72",7035.5451463
"55_-73",7035.5451463
"55_-74",7035.5451463
"55_-75",7035.5451463
"55_-76",6881.1144319
"55_-77",3368.83727392
"55_-78",322.467375068
"55_-79",325.361505836
"55_-82",724.724887263
"55_-83",1705.69255031
"55_-84",1859.62961582
"55_-85",3351.50815492
"55_-86",5686.69302653
"55_-87",6863.32000969
"55_-88",7035.5451463
"55_-89",7035.5451463
"55_-90",7033.302004401
"55_-91",7037.04761945
"55_-92",7037.26803483
"55_-93",7033.82181893
"55_-94",7035.5451463
"55_-95",7035.5451463
"55_-96",7035.5451463
"55_-97",7035.5451463
"55_-98",7035.5451463
"55_-99",7035.5451463
"56_-100",6857.30932141
"56_-101",6857.30151245917
"56_-102",6857.3093214
"56_-103",6857.30932141
"56_-104",6857.3093214
"56_-105",6857.3093214
"56_-106",6857.3093214
"56_-107",6859.335705455
"56_-108",6856.81842386
"56_-109",6857.30939323533
"56_-110",6857.30918305101
"56_-111",6857.30932141
"56_-112",6857.3093214
"56_-113",6857.3093214
"56_-114",6857.3093214
"56_-115",6857.30932141
"56_-116",6857.3093214
"56_-117",6857.30932141
"56_-118",6857.3093214
"56_-119",6857.30933463155
"56_-120",6857.30932141
"56_-121",6857.3093214
"56_-122",6857.040572142
"56_-123",6857.306172908
"56_-124",6855.06853178
"56_-125",6857.3093214
"56_-126",6857.30932141
"56_-127",6855.62609522
"56_-128",6859.480016979
"56_-129",6857.30932141
"56_-130",6857.6810084
"56_-131",6790.0166563087
"56_-132",3685.8115219294
"56_-133",3021.63137613
"56_-134",1807.35804573
"56_-135",647.235269459
"56_-153",226.332766843
"56_-154",112.460261641
"56_-156",80.9504465811
"56_-157",1639.46558085
"56_-158",4842.39195499
"56_-159",4348.00173312
"56_-160",1074.3577391
"56_-61",2267.06062996
"56_-62",6599.6874357
"56_-63",6858.723615383
"56_-64",6857.309321405
"56_-65",6857.30932141
"56_-66",6857.3093214
"56_-67",6857.3093214
"56_-68",6857.3093214
"56_-69",6857.3093214
"56_-70",6857.30932141
"56_-71",6857.3093214
"56_-72",6857.30932141
"56_-73",6857.3093214
"56_-74",6857.30932141
"56_-75",6857.3093214
"56_-76",3935.780630154
"56_-78",311.108575716
"56_-79",1414.17509785
"56_-80",0.480813714794
"56_-87",824.191307521
"56_-88",4545.33715200022
"56_-89",6468.37506758
"56_-90",6859.552463297
"56_-91",6857.30932141
"56_-92",6857.3093214
"56_-93",6859.032648771
"56_-94",6857.30932141
"56_-95",6857.30932141
"56_-96",6856.66552967
"56_-97",6857.3093214
"56_-98",6857.3093214
"56_-99",6857.30932141
"57_-100",6676.88509848
"57_-101",6675.6886814138
"57_-102",6674.2952123528
"57_-103",6676.88509848
"57_-104",6676.88509848
"57_-105",6676.88509848
"57_-106",6676.88509848
"57_-107",6676.88509848
"57_-108",6677.375996024
"57_-109",6676.88509848129
"57_-110",6676.88509567795
"57_-111",6675.694089444
"57_-112",6676.88509848
"57_-113",6676.88509848
"57_-114",6676.88509848
"57_-115",6676.88509848
"57_-116",6676.88509848
"57_-117",6676.88509848
"57_-118",6676.88509848
"57_-119",6676.88323773928
"57_-120",6676.88509848
"57_-121",6676.88509848
"57_-122",6678.13931694
"57_-123",6674.84699434052
"57_-124",6679.125888102
"57_-125",6676.88509848
"57_-126",6676.88509848
"57_-127",6678.5683246561
"57_-128",6676.885098473
"57_-129",6676.88509847
"57_-130",6676.88509848
"57_-131",6677.4131279137
"57_-132",6623.081717623
"57_-133",3406.87533579565
"57_-134",2909.66105815
"57_-135",4548.6897913
"57_-136",868.743621392
"57_-152",2068.03364822
"57_-153",4688.93493488
"57_-154",2255.45694935
"57_-155",1768.08033502
"57_-156",4946.74178505
"57_-157",5484.79510035
"57_-158",1078.67924914
"57_-61",1427.043323168
"57_-62",6394.81881413
"57_-63",6677.601558045
"57_-64",6674.286662622
"57_-65",6676.88509848
"57_-66",6676.88509848
"57_-67",6676.88509848
"57_-68",6676.88509848
"57_-69",6676.88509848
"57_-70",6676.88509848
"57_-71",6676.88509848
"57_-72",6676.88509848
"57_-73",6676.88509848
"57_-74",6676.88509848
"57_-75",6676.88509848
"57_-76",5150.14462051
"57_-77",115.291405177
"57_-89",26.6616307897
"57_-90",1235.52949567
"57_-91",1150.43652438
"57_-92",2968.33593495
"57_-93",6676.88509848
"57_-94",6676.88509848
"57_-95",6676.88509848
"57_-96",6677.52889021474
"57_-97",6676.885098475
"57_-98",6676.885098476
"57_-99",6676.88509848
"58_-100",6494.32654363
"58_-101",6495.52424071027
"58_-102",6496.91642975012
"58_-103",6493.50610849
"58_-104",6494.32654363
"58_-105",6494.32654363
"58_-106",6494.32654363
"58_-107",6494.32654363
"58_-108",6494.32654363
"58_-109",6494.32654363
"58_-110",6492.48557962844
"58_-111",6493.479442968
"58_-112",6494.32654363
"58_-113",6494.32654363
"58_-114",6494.32654363
"58_-115",6494.32654363
"58_-116",6494.32654363
"58_-117",6494.32654363
"58_-118",6494.32654363
"58_-119",6494.32657357048
"58_-120",6494.32654363
"58_-121",6494.32654363
"58_-122",6494.32654363
"58_-123",6496.367796262
"58_-124",6492.40546616
"58_-125",6494.32654363
"58_-126",6494.32654363
"58_-127",6494.32654363
"58_-128",6494.32654363
"58_-129",6494.32654363
"58_-130",6494.32654363
"58_-131",6494.32654363
"58_-132",6495.5876539
"58_-133",6467.69477846
"58_-134",4863.0912483
"58_-135",3572.37952253
"58_-136",3027.10456187
"58_-137",2637.4470310946
"58_-138",44.3619933593
"58_-152",1405.69723458
"58_-153",1561.37664471
"58_-154",5514.83743687
"58_-155",6494.10556327
"58_-156",6494.32654363
"58_-157",3611.35565089
"58_-158",1832.48844861
"58_-159",1691.16868017
"58_-160",579.184565509
"58_-161",1603.49863311
"58_-62",1535.39882512
"58_-63",6304.256531153
"58_-64",6494.288204046
"58_-65",6345.475038213
"58_-66",4306.02956546
"58_-67",2369.35009793
"58_-68",4913.06186551
"58_-69",5924.930751978
"58_-70",6494.32654363
"58_-71",6494.32654362
"58_-72",6494.32654363
"58_-73",6494.32654363
"58_-74",6494.32654362
"58_-75",6494.32654362
"58_-76",6496.407104011
"58_-77",5475.75439597
"58_-78",1597.67080762
"58_-92",269.989906363
"58_-93",4835.98383119
"58_-94",5638.198450239
"58_-95",6494.17648401767
"58_-96",6494.32654363
"58_-97",6494.32654363
"58_-98",6494.32654363
"58_-99",6494.32654363
"59_-100",6309.68864963
"59_-101",6309.69696805226
"59_-102",6309.68864963
"59_-103",6310.509084777
"59_-104",6309.688649629
"59_-105",6309.68864963
"59_-106",6309.68864963
"59_-107",6309.68864963
"59_-108",6309.68864963
"59_-109",6308.91576984681
"59_-110",6310.34019881128
"59_-111",6309.67503611
"59_-112",6309.68864963
"59_-113",6309.68864963
"59_-114",6309.68864963
"59_-115",6309.68864963
"59_-116",6309.68864963
"59_-117",6309.68864963
"59_-118",6309.68864963
"59_-119",6309.3751836621
"59_-120",6309.68864963
"59_-121",6309.68864963
"59_-122",6309.68864963
"59_-123",6309.68864963
"59_-124",6309.94103488962
"59_-125",6309.68864962726
"59_-126",6309.68864963
"59_-127",6309.68864963
"59_-128",6309.68864963
"59_-129",6309.68864963
"59_-130",6309.68864963
"59_-131",6309.68864963
"59_-132",6309.68864963
"59_-133",6310.6866792599
"59_-134",6311.72012518
"59_-135",5975.253696323
"59_-136",6309.68864963
"59_-137",6312.069338227
"59_-138",5549.8849797869
"59_-139",2593.72723283875
"59_-140",1719.293612
"59_-141",511.97133173
"59_-147",289.909522013
"59_-148",185.407771922
"59_-149",592.517470528
"59_-150",3079.905643386
"59_-151",3062.85466947
"59_-152",214.341428867
"59_-153",2325.822863883
"59_-154",5778.99254853
"59_-155",6307.97694079
"59_-156",6309.68864963
"59_-157",6309.68864963
"59_-158",6309.68864963
"59_-159",6309.68864963
"59_-160",6277.27228897
"59_-161",5850.48068319
"59_-162",239.759520549
"59_-163",1064.49444649
"59_-164",168.227297107
"59_-165",239.205726018
"59_-166",851.185519901
"59_-167",9.21521226646
"59_-63",1588.4850312
"59_-64",6040.28979071
"59_-65",2315.917329546
"59_-69",2852.9788839
"59_-70",6309.68864963
"59_-71",6309.68864963
"59_-72",6309.68864963
"59_-73",6309.68864963
"59_-74",6309.68864963
"59_-75",6309.68864963
"59_-76",6309.68864963
"59_-77",4610.76004761
"59_-78",237.430531938
"59_-94",1317.3639508666
"59_-95",6309.58525020771
"59_-96",6309.68864963
"59_-97",6309.68864963
"59_-98",6309.68864963
"59_-99",6309.68864963
"60_-100",6123.02732115621
"60_-101",6123.01899329867
"60_-102",6123.0273211593
"60_-103",6123.02732116027
"60_-104",6123.02732116253
"60_-105",6123.02732116259
"60_-106",6123.02732116438
"60_-107",6123.02732116341
"60_-108",6123.02732116493
"60_-109",6123.80020094061
"60_-110",6124.21687712862
"60_-111",6125.0790443823
"60_-112",6121.08638959088
"60_-113",6123.02732116522
"60_-114",5958.6871482248
"60_-115",5367.30249487626
"60_-116",5846.6268194495
"60_-117",6123.02732116
"60_-118",6123.02732116025
"60_-119",6123.34279318664
"60_-120",6123.02732116471
"60_-121",6123.0273211587
"60_-122",6123.02732116216
"60_-123",6123.0273211588
"60_-124",6122.6021420744
"60_-125",6122.41611250444
"60_-126",6120.75824834237
"60_-127",6123.02732116362
"60_-128",6123.02732116096
"60_-129",6123.02732115975
"60_-130",6123.02732115985
"60_-131",6123.0273211584
"60_-132",6123.02732115685
"60_-133",6123.02732116443
"60_-134",6123.02732115805
"60_-135",6123.0273211639
"60_-136",6123.02732116014
"60_-137",6123.02732116438
"60_-138",6124.60892151132
"60_-139",6123.363735395
"60_-140",6122.992266893
"60_-141",6091.90315258016
"60_-142",5723.96673862
"60_-143",5880.08230769
"60_-144",4716.02665027
"60_-145",3337.5714687
"60_-146",1445.89448435
"60_-147",911.957674205
"60_-148",4619.58456286
"60_-149",6021.1886741761
"60_-150",5746.84539858
"60_-151",2447.95080142
"60_-152",4288.14855425
"60_-153",6123.02732116
"60_-154",6123.02732116
"60_-155",6124.73903
"60_-156",6123.02732116
"60_-157",6123.02732116
"60_-158",6121.79208938
"60_-159",6123.02732116
"60_-160",6123.02732116
"60_-161",6123.02732116
"60_-162",5702.15109959
"60_-163",5260.8696257
"60_-164",4455.45832109
"60_-165",1025.36987844
"60_-166",1994.23769785
"60_-167",394.918824878
"60_-64",1263.4110550154
"60_-65",5.97571398408
"60_-67",165.332141536
"60_-68",699.136017444
"60_-69",1994.14382835
"60_-70",6051.43272464
"60_-71",6123.02732116
"60_-72",6123.02732116
"60_-73",6123.02732116
"60_-74",6123.02732116
"60_-75",6123.02732116
"60_-76",6123.02732116
"60_-77",4410.73831028
"60_-78",126.347608057
"60_-94",2697.2142505
"60_-95",6123.1475334816
"60_-96",6123.02732116002
"60_-97",6123.02732115665
"60_-98",6123.02732116404
"60_-99",6123.0273211581
"61_-100",5934.39935899
"61_-101",5934.39617043088
"61_-102",5934.39935899
"61_-103",5934.39935899
"61_-104",5934.39935899
"61_-105",5934.39935899
"61_-106",5934.39935899
"61_-107",5934.39935899
"61_-108",5934.39935899
"61_-109",5934.39935899
"61_-110",5934.39935899
"61_-111",5881.05112902
"61_-112",3993.50561669
"61_-113",2078.71716927
"61_-114",309.582052952
"61_-115",1823.69912044
"61_-116",4383.93816376
"61_-117",5724.75499181
"61_-118",5712.38513353
"61_-119",5934.39935899
"61_-120",5934.39935899
"61_-121",5934.39935899
"61_-122",5934.39935899
"61_-123",5934.39935899444
"61_-124",5936.4932302835
"61_-125",5935.0105676425
"61_-126",5935.33227041914
"61_-127",5934.39935899404
"61_-128",5932.774139834
"61_-129",5934.39935899
"61_-130",5934.39935899
"61_-131",5934.39935899
"61_-132",5934.39935899
"61_-133",5934.39935899
"61_-134",5934.39935899
"61_-135",5934.39935899
"61_-136",5934.39935899
"61_-137",5934.39935899
"61_-138",5934.39935899
"61_-139",5934.39935899
"61_-140",5934.43441326957
"61_-141",5935.96118773752
"61_-142",5934.399358997
"61_-143",5934.39935899
"61_-144",5934.39935899
"61_-145",5934.39935899
"61_-146",5911.765198736
"61_-147",5820.646539348
"61_-148",5870.34665622
"61_-149",5461.56873258
"61_-150",4410.45538548
"61_-151",5728.65220783
"61_-152",5934.39935899
"61_-153",5934.39935899
"61_-154",5934.39935899
"61_-155",5934.39935899
"61_-156",5934.39935899
"61_-157",5934.399358991
"61_-158",5935.63459077
"61_-159",5934.39935899
"61_-160",5934.39935899
"61_-161",5934.399359
"61_-162",5934.39935899
"61_-163",5932.9014753141
"61_-164",5932.48886075
"61_-165",4373.1251634
"61_-166",89.938510146
"61_-64",608.991999234
"61_-65",545.88216432
"61_-66",363.670401711
"61_-69",56.9351399688
"61_-70",456.440930728
"61_-71",2110.83186453
"61_-72",5428.73577536
"61_-73",5934.39935899
"61_-74",5934.39935899
"61_-75",5934.39935899
"61_-76",5934.39935899
"61_-77",4916.01025261
"61_-78",120.263056565
"61_-79",987.426733106
"61_-80",337.276309558
"61_-93",1460.93421569
"61_-94",5726.93250984
"61_-95",5934.53260569148
"61_-96",5933.85039137
"61_-97",5934.39935899
"61_-98",5934.39935899
"61_-99",5934.39935899
"62_-100",5743.86244314
"62_-101",5743.86541625669
"62_-102",5743.46887328253
"62_-103",5743.86244314529
"62_-104",5743.86244314
"62_-105",5743.86244314
"62_-106",5743.86244314
"62_-107",5743.86244314
"62_-108",5743.86244314
"62_-109",5130.4881284
"62_-110",3616.08597241
"62_-111",3824.320594933
"62_-112",4960.710122674
"62_-113",5227.12951547
"62_-114",3349.7910978715
"62_-115",4696.92708188
"62_-116",5742.244344028
"62_-117",5743.86244314
"62_-118",5743.86244314
"62_-119",5743.86244314
"62_-120",5743.86244314
"62_-121",5743.86244314
"62_-122",5743.86244314
"62_-123",5279.43409268
"62_-124",5743.86244314
"62_-125",5742.05728033
"62_-126",5745.198604528
"62_-127",5743.86244314
"62_-128",5745.487662298
"62_-129",5742.22490208
"62_-130",5743.86244314
"62_-131",5743.86244314
"62_-132",5743.86244314
"62_-133",5743.86244314
"62_-134",5743.86244314
"62_-135",5743.86244314
"62_-136",5743.86244314
"62_-137",5743.86244314
"62_-138",5743.86244314
"62_-139",5743.86244314
"62_-140",5743.86244314
"62_-141",5743.86245111072
"62_-142",5743.86244314
"62_-143",5743.86244314
"62_-144",5743.86244314
"62_-145",5743.86244314
"62_-146",5743.86244314
"62_-147",5743.86244314
"62_-148",5743.86244314
"62_-149",5743.86244314
"62_-150",5743.86244314
"62_-151",5743.86244314
"62_-152",5743.86244314
"62_-153",5743.86244314
"62_-154",5743.86244314
"62_-155",5743.86244314
"62_-156",5743.86244314
"62_-157",5743.86244314
"62_-158",5743.86244314
"62_-159",5743.86244314
"62_-160",5743.86244314
"62_-161",5743.86244314
"62_-162",5742.7429044508
"62_-163",5471.924645859
"62_-164",5137.46428899
"62_-165",1422.29972804
"62_-169",5.99079544583
"62_-64",592.493895324
"62_-65",990.709409555
"62_-66",2810.06971523
"62_-67",4713.31961546
"62_-68",4178.43819056
"62_-69",2013.87093973
"62_-70",1812.46201093
"62_-72",339.23299779
"62_-73",2160.74574972
"62_-74",1569.40795069
"62_-75",1772.89931578
"62_-76",2710.94824877
"62_-77",3077.89922437
"62_-78",290.977573307
"62_-79",1471.42955793
"62_-80",376.861220161
"62_-81",95.7567230144
"62_-82",2837.8247577
"62_-83",2782.45357914
"62_-90",73.8502405665
"62_-91",895.529424214
"62_-92",3139.6930458
"62_-93",5636.46636726
"62_-94",5743.86244314
"62_-95",5743.86244314
"62_-96",5744.41141076
"62_-97",5741.758923476
"62_-98",5741.893092307
"62_-99",5743.862443144
"63_-100",5551.47511495
"63_-101",5551.48385007818
"63_-102",5551.84162779677
"63_-103",5550.02977878
"63_-104",5550.147751528
"63_-105",5551.475114953
"63_-106",5551.475114945
"63_-107",5550.44241687
"63_-108",5549.843571161
"63_-109",5549.747296423
"63_-110",5551.47511495
"63_-111",5551.47511495
"63_-112",5551.47511495
"63_-113",5551.47511495
"63_-114",5551.47511495
"63_-115",5551.47511495
"63_-116",5553.09321407
"63_-117",5550.329339239
"63_-118",5551.47511495
"63_-119",5551.47511495
"63_-120",5551.47511495
"63_-121",5551.47511495
"63_-122",5551.47511495
"63_-123",5517.97512361
"63_-124",5551.47511495
"63_-125",5553.280277758
"63_-126",5550.563228009
"63_-127",5551.47511495
"63_-128",5551.47511495
"63_-129",5553.112656013
"63_-130",5550.196684012
"63_-131",5551.47511495
"63_-132",5551.47511495
"63_-133",5551.47511495
"63_-134",5551.47511495
"63_-135",5551.47511495
"63_-136",5551.47511495
"63_-137",5551.47511495
"63_-138",5551.47511495
"63_-139",5551.47511495
"63_-140",5551.47511495
"63_-141",5551.47510944974
"63_-142",5551.47511495
"63_-143",5551.47511495
"63_-144",5551.47511495
"63_-145",5551.47511495
"63_-146",5551.47511495
"63_-147",5551.47511495
"63_-148",5551.47511495
"63_-149",5551.47511495
"63_-150",5551.47511495
"63_-151",5551.47511495
"63_-152",5551.47511495
"63_-153",5551.47511495
"63_-154",5551.47511495
"63_-155",5551.47511495
"63_-156",5551.47511495
"63_-157",5551.47511495
"63_-158",5551.47511495
"63_-159",5551.47511495
"63_-160",5246.458674592
"63_-161",2677.56740476
"63_-162",1888.526963812
"63_-163",585.893503694
"63_-164",744.996332822
"63_-168",174.095265101
"63_-169",1593.10688761
"63_-170",1669.26296727
"63_-171",1128.13020653
"63_-64",2043.4042783
"63_-65",5530.00000062
"63_-66",5120.98928839
"63_-67",3216.39036466
"63_-68",4292.96987525
"63_-69",5551.47511495
"63_-70",5551.40692365
"63_-71",3880.39822397
"63_-72",488.171560188
"63_-76",419.146950581
"63_-77",1143.785658
"63_-78",542.833854294
"63_-80",1061.34908093
"63_-81",2317.6863764
"63_-82",799.013307028
"63_-83",561.10794568
"63_-84",3285.17992589
"63_-85",3578.18313053
"63_-86",1875.26485823
"63_-87",171.333392443
"63_-88",19.24264788
"63_-89",48.6301035532
"63_-90",2468.5674367
"63_-91",5053.28269784
"63_-92",5269.29831586
"63_-93",5409.50434761
"63_-94",5551.47511495
"63_-95",5551.47511495
"63_-96",5551.47511495
"63_-97",5553.5786346156
"63_-98",5553.4444657747
"63_-99",5551.47511495
"64_-100",5357.29675815
"64_-101",5357.29675815
"64_-102",5357.3238151643
"64_-103",5358.742094316
"64_-104",5358.62412157
"64_-105",5357.29675815
"64_-106",5357.29675815
"64_-107",5358.3294562231
"64_-108",5358.928301939
"64_-109",5357.537667074
"64_-110",5357.296758147
"64_-111",5357.29675815
"64_-112",5356.21302339
"64_-113",5356.4262083905
"64_-114",5357.29675815
"64_-115",5357.29675815
"64_-116",5357.29675815
"64_-117",5358.44253386
"64_-118",5355.773144142
"64_-119",5357.29675815
"64_-120",5357.29675815
"64_-121",5357.29675815
"64_-122",5357.29675815
"64_-123",5357.29675815
"64_-124",5231.34584699
"64_-125",5324.46193363
"64_-126",5358.20864508
"64_-127",5355.72087982
"64_-128",5357.29675815
"64_-129",5357.29675815
"64_-130",5358.575189087
"64_-131",5357.29675815
"64_-132",5355.7024852
"64_-133",5357.29675815
"64_-134",5357.29675815
"64_-135",5357.29675815
"64_-136",5357.29675815
"64_-137",5357.29675815
"64_-138",5357.29675815
"64_-139",5357.29675815
"64_-140",5357.29675815
"64_-141",5357.2967591356
"64_-142",5357.29675815
"64_-143",5357.29675815
"64_-144",5357.29675815
"64_-145",5357.29675815
"64_-146",5357.29675815
"64_-147",5357.29675815
"64_-148",5357.29675815
"64_-149",5357.29675815
"64_-150",5357.29675815
"64_-151",5357.29675815
"64_-152",5357.29675815
"64_-153",5357.29675815
"64_-154",5357.29675815
"64_-155",5357.29675815
"64_-156",5357.29675815
"64_-157",5357.29675815
"64_-158",5357.29675815
"64_-159",5357.29675815
"64_-160",5069.108293819
"64_-161",1268.986199204
"64_-162",2436.424074269
"64_-163",2260.690138085
"64_-164",2554.17695041
"64_-165",2630.19041456
"64_-166",1000.86904655
"64_-63",106.601209623
"64_-64",50.3023904044
"64_-65",3255.48855234
"64_-66",4933.4833567
"64_-67",5357.29675815
"64_-68",5357.29675815
"64_-69",5357.29675815
"64_-70",5357.29675815
"64_-71",5357.29675815
"64_-72",5255.66582466
"64_-73",3230.32729189
"64_-74",2504.85079024
"64_-75",2818.40815595
"64_-76",3842.58967411
"64_-77",3643.16154917
"64_-78",318.110230312
"64_-80",98.6376115617
"64_-81",855.230812824
"64_-82",4155.04026948
"64_-83",4894.12863376
"64_-84",5357.29675815
"64_-85",5357.29675815
"64_-86",1597.97220732
"64_-87",1819.86487832
"64_-88",5011.58219069
"64_-89",5126.81465603
"64_-90",5357.85569853
"64_-91",5357.29675815
"64_-92",5357.29675815
"64_-93",5147.39641381
"64_-94",5357.29675815
"64_-95",5357.29675815
"64_-96",5357.29675815
"64_-97",5357.29675815
"64_-98",5357.29675815
"64_-99",5357.29675815
"65_-100",5161.38757884
"65_-101",5161.38757884
"65_-102",5161.38757884
"65_-103",5161.38757884
"65_-104",5161.38757884
"65_-105",5161.38757884
"65_-106",5161.38757884
"65_-107",5161.38757884
"65_-108",5161.38757884
"65_-109",5162.874488438
"65_-110",5161.38757884
"65_-111",5161.38757884
"65_-112",5162.47131359851
"65_-113",5161.8023710313
"65_-114",5160.66533076163
"65_-115",5161.38757884
"65_-116",5161.38757884
"65_-117",5160.5338974074
"65_-118",5162.91119285
"65_-119",5161.38757884
"65_-120",5161.38757884
"65_-121",5161.38757884
"65_-122",5161.38757884
"65_-123",5161.38757884
"65_-124",5161.38757884
"65_-125",5161.38757884
"65_-126",5161.38757884
"65_-127",5162.963457167
"65_-128",5086.06424473
"65_-129",5151.86567544
"65_-130",5161.38757884
"65_-131",5161.38757884
"65_-132",5161.40782542
"65_-133",5159.6579893537
"65_-134",5161.38757884
"65_-135",5161.201865833
"65_-136",5160.6918302533
"65_-137",5161.38757884
"65_-138",5161.38757884
"65_-139",5161.38757884
"65_-140",5161.38757884
"65_-141",5161.38758023318
"65_-142",5161.38757884
"65_-143",5161.38757884
"65_-144",5161.38757884
"65_-145",5161.38757884
"65_-146",5161.38757884
"65_-147",5161.38757884
"65_-148",5161.38757884
"65_-149",5161.38757884
"65_-150",5161.38757884
"65_-151",5161.38757884
"65_-152",5161.38757884
"65_-153",5161.38757884
"65_-154",5161.38757884
"65_-155",5161.38757884
"65_-156",5161.38757884
"65_-157",5161.38757884
"65_-158",5161.38757884
"65_-159",5160.63004435
"65_-160",5163.01393319
"65_-161",5161.64895796
"65_-162",5162.728673708
"65_-163",5163.301535227
"65_-164",5161.38757884
"65_-165",4954.04571792
"65_-166",4313.89427879
"65_-167",1798.67953187
"65_-168",2.14326293663
"65_-62",983.764245844
"65_-63",3468.74027324
"65_-64",4132.32304293
"65_-65",915.90073781
"65_-66",79.5875090985
"65_-67",3461.4601719
"65_-68",4999.67513294
"65_-69",5161.38757884
"65_-70",5161.38757884
"65_-71",5161.38757884
"65_-72",5161.38757884
"65_-73",4609.1009775
"65_-74",2280.65445444
"65_-75",1522.93071573
"65_-76",1875.1140445
"65_-77",1168.30098528
"65_-83",1249.64817162
"65_-84",2436.70195776
"65_-85",4097.14287622
"65_-86",1554.38979968
"65_-87",4844.39322157
"65_-88",3898.8886837
"65_-89",3790.77115697
"65_-90",5159.40604524
"65_-91",5161.38757884
"65_-92",5161.38757884
"65_-93",5161.38757884
"65_-94",5161.38757884
"65_-95",5161.38757884
"65_-96",5161.38757884
"65_-97",5161.38757884
"65_-98",5161.38757884
"65_-99",5161.38757884
"66_-100",4963.8085845
"66_-101",4963.8085845
"66_-102",4963.8085845
"66_-103",4963.8085845
"66_-104",4963.8085845
"66_-105",4963.8085845
"66_-106",4963.8085845
"66_-107",4242.11126706
"66_-108",4928.48498471
"66_-109",4963.8085845
"66_-110",4963.8085845
"66_-111",4963.8085845
"66_-112",4963.8085845
"66_-113",4964.2643420706
"66_-114",4964.530832578
"66_-115",4963.8085845
"66_-116",4962.944211279
"66_-117",4962.8820660619
"66_-118",4962.7108465822
"66_-119",4962.4142017657
"66_-120",4963.808584502
"66_-121",4963.8085845
"66_-122",4963.80858449
"66_-123",4963.8085845
"66_-124",4963.025296168
"66_-125",4963.8085845
"66_-126",4963.8085845
"66_-127",4963.8085845
"66_-128",4908.20546698
"66_-129",4844.95329613
"66_-130",4963.8085845
"66_-131",4963.8085845
"66_-132",4965.38261086625
"66_-133",4965.53817398
"66_-134",4963.42571318295
"66_-135",4962.3512070419
"66_-136",4963.0464279452
"66_-137",4963.8085845
"66_-138",4963.8085845
"66_-139",4963.8085845
"66_-140",4963.8085845
"66_-141",4963.80860228022
"66_-142",4963.8085845
"66_-143",4963.8085845
"66_-144",4963.8085845
"66_-145",4963.8085845
"66_-146",4963.8085845
"66_-147",4963.8085845
"66_-148",4963.8085845
"66_-149",4963.8085845
"66_-150",4963.8085845
"66_-151",4963.8085845
"66_-152",4963.8085845
"66_-153",4963.8085845
"66_-154",4963.8085845
"66_-155",4963.8085845
"66_-156",4963.8085845
"66_-157",4962.43505368
"66_-158",4963.28304877
"66_-159",4964.56611898
"66_-160",4085.61436445
"66_-161",2856.477448156
"66_-162",423.23713373936
"66_-163",696.38782817
"66_-164",2746.54789595
"66_-165",1601.42593573
"66_-166",504.509911774
"66_-61",1156.56781919
"66_-62",3870.15482257
"66_-63",4786.85130393
"66_-64",4963.8085845
"66_-65",4911.75785365
"66_-66",3293.58617483
"66_-67",3994.77423718
"66_-68",4704.13416841
"66_-69",4963.8085845
"66_-70",4963.8085845
"66_-71",4963.8085845
"66_-72",4852.36190274
"66_-73",2723.74479994
"66_-74",517.749404211
"66_-81",61.7221692519
"66_-82",1724.74961179
"66_-83",2762.66979422
"66_-84",3700.15840606
"66_-85",2661.12468314
"66_-86",4119.64195135
"66_-87",4963.8085845
"66_-88",4963.8085845
"66_-89",4963.8085845
"66_-90",4963.8085845
"66_-91",4963.8085845
"66_-92",4963.8085845
"66_-93",4963.8085845
"66_-94",4963.8085845
"66_-95",4884.48756545
"66_-96",4963.8085845
"66_-97",4963.8085845
"66_-98",4963.8085845
"66_-99",4963.8085845
"67_-100",3951.244763
"67_-101",3530.06099864
"67_-102",3851.02406045
"67_-103",4703.04908084
"67_-104",4764.62156191
"67_-105",4764.62156191
"67_-106",4764.62156191
"67_-107",3418.5612331
"67_-108",2274.31343357
"67_-109",3784.56765785
"67_-110",4397.30860632
"67_-111",3663.30925232
"67_-112",3344.49890615
"67_-113",3353.72418587
"67_-114",3683.71542482
"67_-115",4485.16519816
"67_-116",4765.48593512938
"67_-117",4766.4017617703
"67_-118",4765.719299819
"67_-119",4766.0159446492
"67_-120",4763.23867816
"67_-121",4764.62156191
"67_-122",4764.62156191
"67_-123",4764.62156191
"67_-124",4765.40485023
"67_-125",4764.621561906
"67_-126",4764.621561904
"67_-127",4763.3497084183
"67_-128",4764.62156191
"67_-129",4764.62156191
"67_-130",4764.62156191
"67_-131",4764.62156191
"67_-132",4764.62156191
"67_-133",4764.62156191
"67_-134",4461.35368470774
"67_-135",4764.90472475832
"67_-136",4764.6744824746
"67_-137",4762.99088638
"67_-138",4763.3685248981
"67_-139",4764.62156191
"67_-140",4764.62156191
"67_-141",4764.6215484878
"67_-142",4764.62156191
"67_-143",4764.62156191
"67_-144",4764.62156191
"67_-145",4763.455405052
"67_-146",4764.621561906
"67_-147",4764.62156191
"67_-148",4764.62156191
"67_-149",4764.62156191
"67_-150",4764.62156191
"67_-151",4764.62156191
"67_-152",4764.621561904
"67_-153",4764.621561908
"67_-154",4764.621561905
"67_-155",4764.621561908
"67_-156",4764.621561911
"67_-157",4765.9950927195
"67_-158",4765.1470976261
"67_-159",4764.62156191
"67_-160",4764.62156191
"67_-161",4722.0832246892
"67_-162",4639.951255198
"67_-163",3998.87701006
"67_-164",1288.93048371
"67_-165",72.4684262929
"67_-62",65.6445336385
"67_-63",1132.06645168
"67_-64",3600.10034809
"67_-65",4501.62628634
"67_-66",4707.27545135
"67_-67",4764.62156191
"67_-68",4764.62156191
"67_-69",4764.62156191
"67_-70",4764.62156191
"67_-71",4764.62156191
"67_-72",2461.30995681
"67_-73",623.320171595
"67_-74",678.926345733
"67_-75",2939.55370633
"67_-76",3646.93018883
"67_-77",589.73273511
"67_-81",2305.43199398
"67_-82",4724.98439244
"67_-83",4764.62156191
"67_-84",4764.62156191
"67_-85",4764.62156191
"67_-86",3598.20392565
"67_-87",1796.30519471
"67_-88",4375.26103531
"67_-89",4764.62156191
"67_-90",4764.62156191
"67_-91",4764.62156191
"67_-92",4764.62156191
"67_-93",4764.62156191
"67_-94",4764.62156191
"67_-95",2653.49348485
"67_-96",3845.01669681
"67_-97",3737.09881791
"67_-98",4231.68178173
"67_-99",3773.46242664
"68_-100",348.148784964
"68_-101",133.721332893
"68_-102",515.221948977
"68_-103",965.193419213
"68_-104",1542.5637084
"68_-105",2658.33337603
"68_-106",2917.45749409
"68_-107",2043.86750496
"68_-108",1512.78361503
"68_-109",1490.01812036
"68_-110",1966.27224651
"68_-111",2000.35764267
"68_-112",2226.84180563
"68_-113",1112.39563818
"68_-114",1919.62852113
"68_-115",4047.76592469
"68_-116",4094.37363275
"68_-117",4366.2291229
"68_-118",4563.88905412
"68_-119",4563.88905412
"68_-120",4564.06507883
"68_-121",4563.88905412
"68_-122",4563.88905412
"68_-123",4563.88905412
"68_-124",4563.88905412
"68_-125",4563.88905412
"68_-126",4563.88905412
"68_-127",4565.160907615
"68_-128",4563.88905412
"68_-129",4563.88905413
"68_-130",4563.88905413
"68_-131",4563.88905412
"68_-132",4563.88905413
"68_-133",4563.88905413
"68_-134",4190.274587909
"68_-135",3888.21919058
"68_-136",4039.91987953
"68_-137",4451.951046957
"68_-138",4565.14209114
"68_-139",4563.88905412
"68_-140",4563.88905413
"68_-141",4563.88904795079
"68_-142",4563.88905412
"68_-143",4563.88905413
"68_-144",4563.88905412
"68_-145",4565.0552109811
"68_-146",4563.88905412
"68_-147",4563.88905412
"68_-148",4563.88905412
"68_-149",4563.88905412
"68_-150",4563.88905412
"68_-151",4563.88905412
"68_-152",4563.88905412
"68_-153",4563.88905412
"68_-154",4563.88905412
"68_-155",4563.88905412
"68_-156",4563.88905412
"68_-157",4563.88905412
"68_-158",4563.88905412
"68_-159",4563.88905412
"68_-160",4563.88905412
"68_-161",4563.88905412
"68_-162",4563.88905412
"68_-163",4556.97802153
"68_-164",4189.95072351
"68_-165",3678.04492743
"68_-166",745.182913841
"68_-64",11.3161801407
"68_-65",54.4885294566
"68_-66",503.888270544
"68_-67",2226.5747706
"68_-68",4158.88186708
"68_-69",4563.88905412
"68_-70",4563.88905412
"68_-71",4563.88905412
"68_-72",4524.99965258
"68_-73",2971.38878939
"68_-74",2122.15532201
"68_-75",2062.29836331
"68_-76",1843.08873919
"68_-77",6.61069902043
"68_-78",203.547566061
"68_-79",278.443881157
"68_-81",1307.46576038
"68_-82",3912.61514038
"68_-83",4563.88905412
"68_-84",4544.90198328
"68_-85",2691.0725486
"68_-86",558.847204783
"68_-87",366.336607049
"68_-88",4000.41738647
"68_-89",3977.20336638
"68_-90",3150.11272289
"68_-91",4563.88905412
"68_-92",4563.88905412
"68_-93",3624.9356455
"68_-94",1285.03146626
"68_-95",602.824704475
"68_-96",3354.74305806
"68_-97",4098.86381583
"68_-98",1818.35901526
"68_-99",205.198296825
"69_-100",218.876997741
"69_-101",1263.97385571
"69_-102",3060.55893074
"69_-103",4213.07237588
"69_-104",4361.67433645
"69_-105",3869.76589425
"69_-106",2928.68889389
"69_-107",4180.03165947
"69_-108",4361.67433645
"69_-109",4361.67433645
"69_-110",4361.67433645
"69_-111",4361.67433645
"69_-112",4360.352155952
"69_-113",3984.62475158
"69_-114",3161.45012381
"69_-115",3132.26765739
"69_-116",2278.733702167
"69_-117",355.8703569023
"69_-118",665.852031147
"69_-119",1410.23792693
"69_-120",2195.322590669
"69_-121",3316.91566223
"69_-122",3561.66666259
"69_-123",2059.78513567
"69_-124",3134.37854116
"69_-125",2179.65916308
"69_-126",2957.29627908
"69_-127",4361.67433645
"69_-128",3904.61437043
"69_-129",3531.90748719
"69_-130",3459.04877678
"69_-131",3601.06776547
"69_-132",2728.49397864
"69_-133",1759.93474982
"69_-134",2336.23235671
"69_-135",1497.90788412
"69_-137",103.751911458
"69_-138",1150.99868604
"69_-139",2325.77740125
"69_-140",2675.20846733948
"69_-141",3144.01513816737
"69_-142",4070.94043402
"69_-143",4361.67433645
"69_-144",4316.8936705
"69_-145",4355.30944841
"69_-146",4361.67433645
"69_-147",4361.67433645
"69_-148",4361.67433645
"69_-149",4361.67433645
"69_-150",4361.67433645
"69_-151",4008.67298275
"69_-152",4361.67433645
"69_-153",4361.67433645
"69_-154",4361.67433645
"69_-155",4361.67433645
"69_-156",4361.67433645
"69_-157",4361.67433645
"69_-158",4361.67433645
"69_-159",4361.67433645
"69_-160",4361.67433645
"69_-161",4361.67433645
"69_-162",4094.89169084
"69_-163",889.524862166
"69_-66",231.821402166
"69_-67",2192.62096342
"69_-68",4176.94651387
"69_-69",4361.67433645
"69_-70",4361.67433645
"69_-71",4361.67433645
"69_-72",4361.67433645
"69_-73",4361.67433645
"69_-74",4299.46861675
"69_-75",3936.93515001
"69_-76",2271.40888649
"69_-77",930.132273787
"69_-78",1081.18848323
"69_-79",645.355921261
"69_-80",319.673595169
"69_-81",826.187313552
"69_-82",2635.68771398
"69_-83",3387.61804839
"69_-84",3591.49010323
"69_-85",1297.89490404
"69_-86",31.134874447
"69_-87",0.278702293903
"69_-88",291.266404638
"69_-89",538.022367029
"69_-90",754.374983434
"69_-91",2576.23378436
"69_-92",3813.09956379
"69_-93",3909.98951575
"69_-94",2381.0791743
"69_-95",1283.20860855
"69_-96",2072.36219834
"69_-97",3342.56194321
"69_-98",2115.23966755
"69_-99",323.500267871
"70_-100",161.942633542
"70_-101",923.569568445
"70_-102",1909.99706452
"70_-103",2783.62738913
"70_-104",4026.39619911
"70_-105",4158.04139142
"70_-106",4158.04139142
"70_-107",4158.04139142
"70_-108",4158.04139142
"70_-109",4158.04093767995
"70_-110",4158.0413914219
"70_-111",4157.78046779596
"70_-112",3054.21680689695
"70_-113",2561.99309284549
"70_-114",2650.37160381565
"70_-115",2666.31762866433
"70_-116",2179.40653678188
"70_-117",1473.36779936314
"70_-118",175.49088673
"70_-124",163.521338277
"70_-126",21.0394477134
"70_-127",1510.67044548
"70_-128",371.407640871
"70_-129",297.606144986
"70_-130",437.125788725
"70_-131",3.5537179159
"70_-142",64.7583185706
"70_-143",381.362858629
"70_-144",68.4371610091
"70_-145",275.798828003
"70_-146",721.509622927
"70_-147",687.015543022
"70_-148",1395.19083727
"70_-149",1975.45189925
"70_-150",1561.11783898
"70_-151",1623.57969313
"70_-152",3033.93470466
"70_-153",3712.05913111
"70_-154",3651.84215806
"70_-155",3315.3032113
"70_-156",4153.13172504
"70_-157",3915.32587502
"70_-158",3353.13156135
"70_-159",2970.52281011
"70_-160",1853.25765267
"70_-161",1130.95242245
"70_-162",321.505557716
"70_-67",475.12192033
"70_-68",1383.46781082
"70_-69",3000.21205047
"70_-70",3566.45600411
"70_-71",3947.69646008
"70_-72",4099.27884673
"70_-73",4158.04139142
"70_-74",4158.04139142
"70_-75",4158.04139142
"70_-76",4158.04139142
"70_-77",3795.13340943
"70_-78",3004.72734998
"70_-79",4022.53097773
"70_-80",3726.86000962
"70_-81",3852.6776651
"70_-82",4155.61666299
"70_-83",4127.03813966
"70_-84",4007.34998607
"70_-85",3866.74840899
"70_-86",3277.43282898
"70_-87",2825.04169558
"70_-88",2207.81823019
"70_-89",310.82888785
"70_-91",330.040172663
"70_-92",2962.9156974
"70_-93",4158.04139142
"70_-94",4158.04139142
"70_-95",4156.86104262
"70_-96",1711.39850593
"71_-100",83.3789623702
"71_-104",1824.78103382
"71_-105",3953.05488289
"71_-106",3953.05488289
"71_-107",3240.80739279
"71_-108",3624.50286077
"71_-109",3953.05465695149
"71_-110",3953.05488289
"71_-111",3953.05488289
"71_-112",3953.05488289
"71_-113",3953.05488289
"71_-114",3953.05488289
"71_-115",3898.68184273
"71_-116",3402.24311434
"71_-117",3025.45532438
"71_-118",1690.20511575
"71_-119",56.9138987316
"71_-120",1038.93037154
"71_-121",2305.50152915
"71_-122",3154.56950372
"71_-123",2590.63961567
"71_-124",893.077554941
"71_-125",136.292376716
"71_-154",56.8126499301
"71_-155",314.806154474
"71_-156",1082.66532483
"71_-157",139.022861165
"71_-70",129.886880132
"71_-71",1430.52161718
"71_-72",2423.79552293
"71_-73",1929.43651707
"71_-74",3419.69720542
"71_-75",3953.05488289
"71_-76",3953.05488289
"71_-77",3953.05488289
"71_-78",3941.15229772
"71_-79",3926.03692334
"71_-80",3849.90731805
"71_-81",3953.05488289
"71_-82",3953.05488289
"71_-83",3953.05488289
"71_-84",3160.19508319
"71_-85",2657.73258949
"71_-86",3751.13803983
"71_-87",3635.87543213
"71_-88",3088.66066976
"71_-89",2466.42733788
"71_-92",165.404659432
"71_-93",2307.70755867
"71_-94",3627.22275079
"71_-95",2768.00050098
"71_-96",937.591803842
"71_-97",1309.53610671
"71_-98",1969.59796622
"71_-99",1580.73543181
